{"cameraMode":{"drawMode":0,"name":"Shaded","section":"Shading Mode"},"sceneLighting":true,"audioPlay":false,"sceneViewState":{"showFog":true,"showMaterialUpdate":true,"showSkybox":true,"showFlares":true,"showImageEffects":true,"showParticleSystems":true},"in2DMode":false,"pivot":{"x":464.3343505859375,"y":1291.5977783203125,"z":270.87371826171877},"rotation":{"x":0.04047582298517227,"y":-0.025476329028606416,"z":0.0010323388269171119,"w":0.9988545179367065},"size":1389.8863525390625,"orthographic":true}